success,mean_error
true,9.893503026823437
true,4.859557548915668
true,13.71660185358329
true,4.212265051792876
true,3.7049294776304023
