success,mean_error,mean_interagent
true,5.359433342485555,6.5048760231388245
true,4.880752296939523,6.324841597934548
true,14.2863734710479,12.70660648452443
true,3.647838924037752,1.8437289299356945
true,3.4350327589662855,6.784088688396951
